﻿titre,date_offre,entreprise,region,domaine,specialite,metier,competences,source_site,url
DataOps Engineer,28-06-2025,VISION BUSINESS CONSULTING,National,Informatique,Data Science,Ingenieur,"Git, Gitlab, Docker, Kubernetes, Jenkins, Spark, Airflow, Excel",emploi.ma,https://www.emploi.ma/offre-emploi-maroc/dataops-engineer-casablanca-8889169
Ingénieur Systèmes et Réseaux,28-06-2025,ANNOUR TECHNOLOGIES,National,Informatique,Data Science,Ingenieur,,emploi.ma,https://www.emploi.ma/offre-emploi-maroc/ingenieur-systemes-reseaux-casablanca-8901826
Administrateur Réseaux et Systèmes Confirmé - Télétravail,28-06-2025,ELITE STAFFING,National,Informatique,Data Science,Administrateur,,emploi.ma,https://www.emploi.ma/offre-emploi-maroc/administrateur-reseaux-systemes-confirme-teletravail-8913548
Responsable E-Commerce,28-06-2025,DEKRA SERVICES,National,Informatique,Data Science,Responsable,"Git, Sage",emploi.ma,https://www.emploi.ma/offre-emploi-maroc/responsable-e-commerce-casablanca-8921520
Superviseur IT,28-06-2025,TECTRA CASA BOURGOGNE  RECRUTEMENT,National,Informatique,Data Science,Autre,,emploi.ma,https://www.emploi.ma/offre-emploi-maroc/superviseur-it-casablanca-8925713
Technicien Helpdesk,28-06-2025,TECTRA CASA BOURGOGNE  RECRUTEMENT,National,Informatique,Data Science,Technicien,,emploi.ma,https://www.emploi.ma/offre-emploi-maroc/technicien-helpdesk-casablanca-8925742
Ingénieur Commercial en IT ou Télécom,27-06-2025,JOB CONNECT,National,Informatique,Data Science,Ingenieur,,emploi.ma,https://www.emploi.ma/offre-emploi-maroc/ingenieur-commercial-it-telecom-marrakech-8909608
Consultant Cybersécurité en Freelance Audit Pentest (H/F) - Travail à Distance / Remote,27-06-2025,AFRICAWORK,National,Informatique,Developpement Web,Consultant,Audit,emploi.ma,https://www.emploi.ma/offre-emploi-maroc/consultant-cybersecurite-freelance-audit-pentest-hf-travail-distance-remote
"Commercial en Informatique, Télécom ou en Electronique - Zone Centre Atlantic",25-06-2025,JOB CONNECT,National,Informatique,Data Science,Autre,,emploi.ma,https://www.emploi.ma/offre-emploi-maroc/commercial-informatique-telecom-electronique-zone-centre-atlantic-8932207
Développeur ERP Finance,25-06-2025,,National,Informatique,Data Science,Autre,Erp,emploi.ma,https://www.emploi.ma/offre-emploi-maroc/developpeur-erp-finance-rabat-8408022
Technicien dExploitation et Réseaux,25-06-2025,BRICOMA,National,Informatique,Data Science,Technicien,,emploi.ma,https://www.emploi.ma/offre-emploi-maroc/technicien-exploitation-reseaux-casablanca-7563833
Enseignants Chercheurs Permanents en Informatique,25-06-2025,EDVANTIS HIGHER EDUCATION GROUP,National,Informatique,Data Science,Autre,Go,emploi.ma,https://www.emploi.ma/offre-emploi-maroc/enseignants-chercheurs-permanents-informatique-casablanca-8921780
Professeur Permanent en Design Graphique,25-06-2025,EDVANTIS HIGHER EDUCATION GROUP,National,Informatique,Data Science,Designer,Go,emploi.ma,https://www.emploi.ma/offre-emploi-maroc/professeur-permanent-design-graphique-casablanca-8921784
Administrateur ERP - Sage X3,24-06-2025,,National,Informatique,Data Science,Administrateur,"Sql, Sage, Sage X3, Erp",emploi.ma,https://www.emploi.ma/offre-emploi-maroc/administrateur-erp-sage-x3-casablanca-8931060
Commercial Sédentaire - Temara,23-06-2025,ALUNIONPROFIL SYSTEME,National,Informatique,Data Science,Autre,Go,emploi.ma,https://www.emploi.ma/offre-emploi-maroc/commercial-sedentaire-temara-8864606
Technicien de Supervision,23-06-2025,ANNOUR TECHNOLOGIES,National,Informatique,Data Science,Technicien,,emploi.ma,https://www.emploi.ma/offre-emploi-maroc/technicien-supervision-casablanca-8929395
Infographiste,21-06-2025,BRICOMA,National,Informatique,Data Science,Designer,,emploi.ma,https://www.emploi.ma/offre-emploi-maroc/infographiste-casablanca-8821185
Administrateur Système Linux (H/F) - Expert Freelance - Remote (Home Office),21-06-2025,EMPLOI.MA,National,Informatique,Developpement Web,Administrateur,"Php, Linux, Sage",emploi.ma,https://www.emploi.ma/offre-emploi-maroc/administrateur-systeme-linux-hf-expert-freelance-remote-home-office-8916645
Professeur Permanent en Informatique,21-06-2025,EDVANTIS HIGHER EDUCATION GROUP,National,Informatique,Data Science,Autre,Go,emploi.ma,https://www.emploi.ma/offre-emploi-maroc/professeur-permanent-informatique-marrakech-8917045
Directeur Système DInformation,18-06-2025,BOTTU,National,Informatique,Data Science,Directeur,,emploi.ma,https://www.emploi.ma/offre-emploi-maroc/directeur-systeme-information-casablanca-8912696
Content and Marketing Specialist,18-06-2025,AFRICAWORK,National,Informatique,Developpement Web,Ingenieur,,emploi.ma,https://www.emploi.ma/offre-emploi-maroc/content-marketing-specialist-rabat-8912920
Expert Intégration et Homologation SAB AT,17-06-2025,VISION BUSINESS CONSULTING,National,Informatique,Data Science,Expert,,emploi.ma,https://www.emploi.ma/offre-emploi-maroc/expert-integration-homologation-sab-at-casablanca-8889134
Spécialiste Marketing Digital et Web,14-06-2025,SERIMA,National,Informatique,Developpement Web,Ingenieur,Git,emploi.ma,https://www.emploi.ma/offre-emploi-maroc/specialiste-marketing-digital-web-casablanca-8909629
Technicien Informatique (Exploitation et Réseaux) - Ain Sabaa,11-06-2025,BRICOMA,National,Informatique,Data Science,Technicien,,emploi.ma,https://www.emploi.ma/offre-emploi-maroc/technicien-informatique-exploitation-reseaux-casablanca-ain-sabaa-8906412
Cloud Computing and Virtualization Engineer (M/F),04-06-2025,AFRICASHORE,National,Informatique,Data Science,Ingenieur,,emploi.ma,https://www.emploi.ma/offre-emploi-maroc/cloud-computing-virtualization-engineer-mf-8251964
Cloud Engineer (M/F),04-06-2025,AFRICASHORE,National,Informatique,Data Science,Ingenieur,"Python, Aws",emploi.ma,https://www.emploi.ma/offre-emploi-maroc/cloud-engineer-mf-8251965
Cloud Microservices Architect (M/F),04-06-2025,AFRICASHORE,National,Informatique,Data Science,Architecte,,emploi.ma,https://www.emploi.ma/offre-emploi-maroc/cloud-microservices-architect-mf-8251966
Cloud System Administrator (M/F),04-06-2025,AFRICASHORE,National,Informatique,Data Science,Administrateur,,emploi.ma,https://www.emploi.ma/offre-emploi-maroc/cloud-system-administrator-mf-8251967
Cloud System Integrator (M/F),04-06-2025,AFRICASHORE,National,Informatique,Data Science,Autre,Erp,emploi.ma,https://www.emploi.ma/offre-emploi-maroc/cloud-system-integrator-mf-8251968
Cyber Security Engineer (M/F),04-06-2025,AFRICASHORE,National,Informatique,Data Science,Ingenieur,Erp,emploi.ma,https://www.emploi.ma/offre-emploi-maroc/cyber-security-engineer-mf-8251969
DATASTAGE Architect (M/F),04-06-2025,AFRICASHORE,National,Informatique,Data Science,Architecte,Compliance,emploi.ma,https://www.emploi.ma/offre-emploi-maroc/datastage-architect-mf-8251971
GENESYS Architect (M/F),04-06-2025,AFRICASHORE,National,Informatique,Developpement Web,Architecte,"Python, Java, Javascript, Typescript, Go, Bash, Powershell",emploi.ma,https://www.emploi.ma/offre-emploi-maroc/genesys-architect-mf-8251972
Network Architect (M/F),04-06-2025,AFRICASHORE,National,Informatique,Data Science,Architecte,,emploi.ma,https://www.emploi.ma/offre-emploi-maroc/network-architect-mf-8251973
DBA IMS/DB2 Z/OS(H/F),04-06-2025,AFRICASHORE,National,Informatique,Data Science,Autre,,emploi.ma,https://www.emploi.ma/offre-emploi-maroc/dba-imsdb2-zoshf-8251974
Z/OS System Engineer Senior Storage(H/F),04-06-2025,AFRICASHORE,National,Informatique,Data Science,Ingenieur,,emploi.ma,https://www.emploi.ma/offre-emploi-maroc/zos-system-engineer-senior-storagehf-8251975
Ingénieur Système Z/OS Middleware (H/F),04-06-2025,AFRICASHORE,National,Informatique,Data Science,Ingenieur,,emploi.ma,https://www.emploi.ma/offre-emploi-maroc/ingenieur-systeme-zos-middleware-hf-8251976
Consultant SAP ABAP (H/F),04-06-2025,AFRICASHORE,National,Informatique,Data Science,Consultant,Sap,emploi.ma,https://www.emploi.ma/offre-emploi-maroc/consultant-sap-abap-hf-8338269
Consultant SAP FI-CO/PS (H/F),04-06-2025,AFRICASHORE,National,Informatique,Data Science,Consultant,"Sap, Sap Fi",emploi.ma,https://www.emploi.ma/offre-emploi-maroc/consultant-sap-fi-cops-hf-8338270
Consultant SAP EHS (H/F),04-06-2025,AFRICASHORE,National,Informatique,Data Science,Consultant,Sap,emploi.ma,https://www.emploi.ma/offre-emploi-maroc/consultant-sap-ehs-hf-8338271
Consultant SAP Senior (H/F),04-06-2025,AFRICASHORE,National,Informatique,Data Science,Consultant,"Go, Sap",emploi.ma,https://www.emploi.ma/offre-emploi-maroc/consultant-sap-senior-hf-8338272
Consultant SAP MM/SD/EWM/PP/QM/CAR (H/F),04-06-2025,AFRICASHORE,National,Informatique,Data Science,Consultant,"Go, Sap, Sap Mm",emploi.ma,https://www.emploi.ma/offre-emploi-maroc/consultant-sap-mmsdewmppqmcar-hf-8338273
Lead Développeur Java JEE (H/F),04-06-2025,AFRICASHORE,National,Informatique,Data Science,Autre,Java,emploi.ma,https://www.emploi.ma/offre-emploi-maroc/lead-developpeur-java-jee-hf-8338274
Développeur .Net,04-06-2025,BOTTU,National,Informatique,Data Science,Autre,,emploi.ma,https://www.emploi.ma/offre-emploi-maroc/developpeur-net-8331784
Assistant de Production en Réception dAppel Service Technique,04-06-2025,TECTRA RECRUTEMENT MAROC,National,Informatique,Data Science,Assistant,,emploi.ma,https://www.emploi.ma/offre-emploi-maroc/assistant-production-reception-appel-service-technique-casablanca-8897657
Technicien IT,04-06-2025,TECTRA RABAT - KENITRA,National,Informatique,Data Science,Technicien,,emploi.ma,https://www.emploi.ma/offre-emploi-maroc/technicien-it-rabat-8898355
Contrôleur de Gestion,31-05-2025,CAP AGRO,National,Informatique,Developpement Web,Autre,"Vue, Reporting Financier",emploi.ma,https://www.emploi.ma/offre-emploi-maroc/controleur-gestion-7237448
Product Manager (Présentiel),31-05-2025,AFRICAWORK,National,Informatique,Data Science,Responsable,Git,emploi.ma,https://www.emploi.ma/offre-emploi-maroc/product-manager-presentiel-rabat-8893136
Développeur Odoo et CRM,31-05-2025,CALLIOPE,National,Informatique,Data Science,Autre,"Go, Odoo, Erp",emploi.ma,https://www.emploi.ma/offre-emploi-maroc/developpeur-odoo-crm-casablanca-8893282
Chef de Projet Odoo CRM,31-05-2025,CALLIOPE,National,Informatique,Data Science,Chef De Projet,"Git, Odoo, Erp",emploi.ma,https://www.emploi.ma/offre-emploi-maroc/chef-projet-odoo-crm-casablanca-8893801
Lead Data Engineer / Architecte Data (Freelance),28-05-2025,VISION BUSINESS CONSULTING,National,Informatique,Data Science,Ingenieur,"Go, Mongodb",emploi.ma,https://www.emploi.ma/offre-emploi-maroc/lead-data-engineer-architecte-data-freelance-casablanca-8889151
Développeur BI Tableau / Python,28-05-2025,VISION BUSINESS CONSULTING,National,Informatique,Data Science,Autre,,emploi.ma,https://www.emploi.ma/offre-emploi-maroc/developpeur-bi-tableau-python-casablanca-8889141
Opérateur de Saisie,24-05-2025,GROUPE TECTRA,National,Informatique,Data Science,Autre,,emploi.ma,https://www.emploi.ma/offre-emploi-maroc/operateur-saisie-casablanca-8884011
Technicien SI,22-05-2025,EDVANTIS HIGHER EDUCATION GROUP,National,Informatique,Data Science,Technicien,,emploi.ma,https://www.emploi.ma/offre-emploi-maroc/technicien-si-casablanca-8880057
Développeur Odoo,17-05-2025,KARTNER INVEST,National,Informatique,Data Science,Autre,Odoo,emploi.ma,https://www.emploi.ma/offre-emploi-maroc/developpeur-odoo-casablanca-8872390
Product Owner Senior Secteur Recrutement (Présentiel),16-05-2025,AFRICAWORK,National,Informatique,Data Science,Autre,Git,emploi.ma,https://www.emploi.ma/offre-emploi-maroc/product-owner-senior-secteur-recrutement-presentiel-rabat-8872255
Développeur LARAVEL freelance - Travail à Distance,15-05-2025,EMPLOI.MA,National,Informatique,Developpement Web,Autre,Laravel,emploi.ma,https://www.emploi.ma/offre-emploi-maroc/developpeur-laravel-freelance-travail-distance-8870649
Développeur DRUPAL freelance - Travail à Distance,15-05-2025,EMPLOI.MA,National,Informatique,Data Science,Autre,,emploi.ma,https://www.emploi.ma/offre-emploi-maroc/developpeur-drupal-freelance-travail-distance-8870653
Stagiaire Technicien IT,14-05-2025,BEINTERIM,National,Informatique,Data Science,Technicien,,emploi.ma,https://www.emploi.ma/offre-emploi-maroc/stagiaire-technicien-it-marrakech-8869134
Technicien IT - Bouskoura,13-05-2025,SEPALUMIC,National,Informatique,Data Science,Technicien,,emploi.ma,https://www.emploi.ma/offre-emploi-maroc/technicien-it-bouskoura-8867333
Administrateur Systèmes et Sécurité H/F,10-05-2025,,National,Informatique,Data Science,Administrateur,"Linux, Windows",emploi.ma,https://www.emploi.ma/offre-emploi-maroc/administrateur-systemes-securite-hf-casablanca-8864514
Responsable SI,08-05-2025,BEINTERIM,National,Informatique,Data Science,Responsable,,emploi.ma,https://www.emploi.ma/offre-emploi-maroc/responsable-si-mohammedia-8861772
Technicien IT,08-05-2025,TECTRA AGENCE AIN SBAA,National,Informatique,Data Science,Technicien,,emploi.ma,https://www.emploi.ma/offre-emploi-maroc/technicien-it-casablanca-8862026
Aide Comptable,26-06-2025,TECTRA CASA TERTIAIRE  RECRUTEMENT,National,Finance,Comptabilite Generale,Comptable,,emploi.ma,https://www.emploi.ma/offre-emploi-maroc/aide-comptable-casablanca-8841312
Comptable Sénior,25-06-2025,FIREC  ASSOCIES,National,Finance,Comptabilite Generale,Comptable,Audit,emploi.ma,https://www.emploi.ma/offre-emploi-maroc/comptable-senior-casablanca-8931000
Chargé de Portefeuille H/F,25-06-2025,FONDATION ARRAWAJ,National,Finance,Finance D'Entreprise,Autre,,emploi.ma,https://www.emploi.ma/offre-emploi-maroc/charge-portefeuille-hf-rabat-8921641
Chargé de Portefeuille H/F - Dakhla,25-06-2025,FONDATION ARRAWAJ,National,Finance,Finance D'Entreprise,Autre,,emploi.ma,https://www.emploi.ma/offre-emploi-maroc/charge-portefeuille-hf-dakhla-8922089
Agent Administratif et Financier,24-06-2025,TECTRA AGENCE AIN SBAA,National,Finance,Comptabilite Generale,Administrateur,Tableau,emploi.ma,https://www.emploi.ma/offre-emploi-maroc/agent-administratif-financier-casablanca-8917243
Accounts Payable Accountant - Comptable Fournisseurs H/F,24-06-2025,AFRICAWORK,National,Finance,Comptabilite Generale,Comptable,Sage,emploi.ma,https://www.emploi.ma/offre-emploi-maroc/accounts-payable-accountant-comptable-fournisseurs-hf-casablanca-8919821
Gestionnaire Sinistre,23-06-2025,YCN DEV MAROC,National,Finance,Assurance,Gestionnaire,,emploi.ma,https://www.emploi.ma/offre-emploi-maroc/gestionnaire-sinistre-8355033
Offre de stage : Département des Opérations,21-06-2025,KARTNER INVEST,National,Finance,Assurance,Autre,,emploi.ma,https://www.emploi.ma/offre-emploi-maroc/offre-stage-departement-operations-casablanca-8916643
Professeur Permanent en Gestion,21-06-2025,EDVANTIS HIGHER EDUCATION GROUP,National,Finance,Fiscalite,Autre,Go,emploi.ma,https://www.emploi.ma/offre-emploi-maroc/professeur-permanent-gestion-marrakech-8917048
Chargé de Contrôle en Assurances,20-06-2025,TECTRA CASA TERTIAIRE  RECRUTEMENT,National,Finance,Assurance,Autre,Vue,emploi.ma,https://www.emploi.ma/offre-emploi-maroc/charge-controle-assurances-6921924
Contrôleur de Gestion,20-06-2025,TECTRA CASA TERTIAIRE  RECRUTEMENT,National,Finance,Controle De Gestion,Autre,,emploi.ma,https://www.emploi.ma/offre-emploi-maroc/controleur-gestion-casablanca-7913364
Débiteur pour un Hôtel,20-06-2025,TECTRA,National,Finance,Comptabilite Generale,Autre,,emploi.ma,https://www.emploi.ma/offre-emploi-maroc/debiteur-hotel-agadir-8915276
Offre de Stage : Département Validation,20-06-2025,KARTNER INVEST,National,Finance,Fiscalite,Autre,,emploi.ma,https://www.emploi.ma/offre-emploi-maroc/offre-stage-departement-validation-casablanca-8915396
Chargé Administration et Achat - Nouaceur,20-06-2025,TECTRA BERRECHID,National,Finance,Fiscalite,Administrateur,,emploi.ma,https://www.emploi.ma/offre-emploi-maroc/charge-administration-achat-nouaceur-8915873
Contrôleur Interne,18-06-2025,SKETCH DESIGN MAROC,National,Finance,Fiscalite,Autre,,emploi.ma,https://www.emploi.ma/offre-emploi-maroc/controleur-interne-casablanca-8894402
Chargé(e) de Trésorerie Internationale Clients Fournisseurs,17-06-2025,CAP AGRO,National,Finance,Fiscalite,Autre,,emploi.ma,https://www.emploi.ma/offre-emploi-maroc/chargee-tresorerie-internationale-clients-fournisseurs-marrakech-8893747
Assistante Aide Comptable,16-06-2025,LACAISSE.MA,National,Finance,Comptabilite Generale,Comptable,,emploi.ma,https://www.emploi.ma/offre-emploi-maroc/assistante-aide-comptable-casablanca-8890940
Assistant Comptable et Administratif - Fès,16-06-2025,RIAD LAAROUSSA,National,Finance,Comptabilite Generale,Administrateur,,emploi.ma,https://www.emploi.ma/offre-emploi-maroc/assistant-comptable-administratif-fes-8897760
Senior Manager Développement RH H/F,14-06-2025,AFRICAWORK MAROC,National,Finance,Finance D'Entreprise,Responsable,,emploi.ma,https://www.emploi.ma/offre-emploi-maroc/senior-manager-developpement-rh-hf-rabat-8902175
Comptable Confirmé - Kénitra,13-06-2025,JOB CONNECT,National,Finance,Comptabilite Generale,Comptable,"Ifrs, Bilan",emploi.ma,https://www.emploi.ma/offre-emploi-maroc/comptable-confirme-kenitra-8901362
Accountant / Comptable Anglophone,28-05-2025,TECTRA CASA TERTIAIRE  RECRUTEMENT,National,Finance,Comptabilite Generale,Comptable,"Git, Audit",emploi.ma,https://www.emploi.ma/offre-emploi-maroc/accountant-comptable-anglophone-8051376
Économe,28-05-2025,TECTRA MARRAKECH  HÔTELLERIE,National,Finance,Fiscalite,Autre,Go,emploi.ma,https://www.emploi.ma/offre-emploi-maroc/econome-marrakech-8888908
Contrôleur F and B,28-05-2025,TECTRA MARRAKECH  HÔTELLERIE,National,Finance,Comptabilite Generale,Autre,Tax,emploi.ma,https://www.emploi.ma/offre-emploi-maroc/controleur-f-b-marrakech-8889020
Responsable Hébergement Hôtellerie,28-05-2025,BEINTERIM,National,Finance,Fiscalite,Responsable,,emploi.ma,https://www.emploi.ma/offre-emploi-maroc/responsable-hebergement-hotellerie-casablanca-8889083
Agente Administrative - Tétouan,27-05-2025,TECTRA TANGER  RECRUTEMENT,National,Finance,Fiscalite,Administrateur,,emploi.ma,https://www.emploi.ma/offre-emploi-maroc/agente-administrative-tetouan-8884860
Conseiller - Conseillère Client en Recouvrement - Ghandi,27-05-2025,BEINTERIM,National,Finance,Fiscalite,Consultant,Go,emploi.ma,https://www.emploi.ma/offre-emploi-maroc/conseiller-conseillere-client-recouvrement-casablanca-ghandi-8887420
Gestionnaire de Factures,27-05-2025,GROUPE TECTRA,National,Finance,Fiscalite,Gestionnaire,,emploi.ma,https://www.emploi.ma/offre-emploi-maroc/gestionnaire-factures-casablanca-8887478
Agent Comptable Comptabilité Fournisseurs,24-05-2025,,National,Finance,Comptabilite Generale,Comptable,Sap,emploi.ma,https://www.emploi.ma/offre-emploi-maroc/agent-comptable-comptabilite-fournisseurs-casablanca-8884711
Chargé(e) de Contrôle de Gestion,23-05-2025,BOTTU,National,Finance,Controle De Gestion,Autre,Tableau,emploi.ma,https://www.emploi.ma/offre-emploi-maroc/chargee-controle-gestion-casablanca-8268899
Contrôleur KYC,23-05-2025,TECTRA CASA BOURGOGNE  RECRUTEMENT,National,Finance,Fiscalite,Autre,Kyc,emploi.ma,https://www.emploi.ma/offre-emploi-maroc/controleur-kyc-casablanca-8882794
Gestionnaire Middle Office,23-05-2025,TECTRA CASA BOURGOGNE  RECRUTEMENT,National,Finance,Fiscalite,Gestionnaire,,emploi.ma,https://www.emploi.ma/offre-emploi-maroc/gestionnaire-middle-office-casablanca-8882804
Agent dAssurances,22-05-2025,TECTRA CASA BOURGOGNE  RECRUTEMENT,National,Finance,Assurance,Autre,Tableau,emploi.ma,https://www.emploi.ma/offre-emploi-maroc/agent-assurances-casablanca-8880036
Gestionnaire RH,22-05-2025,BEINTERIM,National,Finance,Assurance,Gestionnaire,,emploi.ma,https://www.emploi.ma/offre-emploi-maroc/gestionnaire-rh-mohammedia-8880608
Comptable Sénior,21-05-2025,SOFT GROUP HOLDING,National,Finance,Comptabilite Generale,Comptable,"Ias, Bilan, Tva",emploi.ma,https://www.emploi.ma/offre-emploi-maroc/comptable-senior-casablanca-8797484
Comptable,21-05-2025,SOFT GROUP HOLDING,National,Finance,Comptabilite Generale,Comptable,"Ias, Bilan, Tva",emploi.ma,https://www.emploi.ma/offre-emploi-maroc/comptable-casablanca-8878529
Contrôleur Interne (H/F),20-05-2025,AFRICAWORK,National,Finance,Comptabilite Generale,Autre,Vue,emploi.ma,https://www.emploi.ma/offre-emploi-maroc/controleur-interne-hf-rabat-8877276
Chargé de Paie et Facturation,20-05-2025,TECTRA RABAT - KENITRA,National,Finance,Comptabilite Generale,Autre,,emploi.ma,https://www.emploi.ma/offre-emploi-maroc/charge-paie-facturation-rabat-8877534
Trésorier Sénior,16-05-2025,AFRICAWORK,National,Finance,Finance D'Entreprise,Autre,"Go, Ratios Financiers",emploi.ma,https://www.emploi.ma/offre-emploi-maroc/tresorier-rabat-8763054
Contrôleur de Gestion,15-05-2025,KARTNER INVEST,National,Finance,Controle De Gestion,Autre,Tableau,emploi.ma,https://www.emploi.ma/offre-emploi-maroc/controleur-gestion-casablanca-8794015
Chargé de Portefeuille,15-05-2025,FONDATION ARRAWAJ,National,Finance,Finance D'Entreprise,Autre,,emploi.ma,https://www.emploi.ma/offre-emploi-maroc/charge-portefeuille-oujda-8870642
Comptable Junior,15-05-2025,KARTNER INVEST,National,Finance,Comptabilite Generale,Comptable,Tva,emploi.ma,https://www.emploi.ma/offre-emploi-maroc/comptable-junior-casablanca-8870720
Comptable Trésorier(e),14-05-2025,KARTNER INVEST,National,Finance,Comptabilite Generale,Comptable,,emploi.ma,https://www.emploi.ma/offre-emploi-maroc/comptable-tresoriere-casablanca-8868627
Comptable Facturation,14-05-2025,TECTRA CASA BOURGOGNE  RECRUTEMENT,National,Finance,Comptabilite Generale,Comptable,,emploi.ma,https://www.emploi.ma/offre-emploi-maroc/comptable-facturation-casablanca-8869356
Agent Recouvrement - Ghandi,10-05-2025,BEINTERIM,National,Finance,Fiscalite,Autre,Go,emploi.ma,https://www.emploi.ma/offre-emploi-maroc/agent-recouvrement-casablanca-ghandi-8864394
Assistante Administrative,10-05-2025,BRICOMA,National,Finance,Fiscalite,Administrateur,Sage,emploi.ma,https://www.emploi.ma/offre-emploi-maroc/assistante-administrative-casablanca-8864025
